Date,Product,Region,Revenue,Units
01/01/2025,Laptop Pro,North,90000,50
02/02/2025,Laptop Pro,South,50000,50
03/03/2025,Laptop Pro,East,50000,50
04/04/2025,Laptop Pro,West,50000,50
05/05/2025,Laptop Pro,North,50000,50
06/06/2025,Laptop Pro,South,50000,50
07/07/2025,Laptop Pro,East,50000,50
08/08/2025,Laptop Pro,West,50000,50
09/09/2025,Laptop Pro,North,50000,50
10/10/2025,Laptop Pro,South,50000,50
11/11/2025,Laptop Pro,East,50000,50
12/01/2025,Laptop Pro,West,50000,50
01/02/2025,Laptop Pro,North,50000,50
02/03/2025,Laptop Pro,South,50000,50
03/04/2025,Laptop Pro,East,50000,50
04/05/2025,Laptop Pro,West,50000,50
05/06/2025,Laptop Pro,North,50000,50
06/07/2025,Laptop Pro,South,50000,50
07/08/2025,Laptop Pro,East,50000,50
08/09/2025,Laptop Pro,West,50000,50
09/10/2025,Laptop Pro,North,50000,50
10/11/2025,Laptop Pro,South,50000,50
11/01/2025,Laptop Pro,East,50000,50
12/02/2025,Laptop Pro,West,50000,50
01/03/2025,Laptop Pro,North,50000,50
02/04/2025,Laptop Pro,South,50000,50
03/05/2025,Laptop Pro,East,50000,50
04/06/2025,Laptop Pro,West,50000,50
05/07/2025,Laptop Pro,North,50000,50
06/08/2025,Laptop Pro,South,50000,50
07/09/2025,Laptop Pro,East,50000,50
08/10/2025,Laptop Pro,West,50000,50
09/11/2025,Laptop Pro,North,50000,50
10/01/2025,Laptop Pro,South,50000,50
11/02/2025,Laptop Pro,East,50000,50
12/03/2025,Laptop Pro,West,50000,50
01/04/2025,Laptop Pro,North,50000,50
02/05/2025,Laptop Pro,South,50000,50
03/06/2025,Laptop Pro,East,50000,50
04/07/2025,Laptop Pro,West,50000,50
05/08/2025,Laptop Pro,North,50000,50
06/09/2025,Laptop Pro,South,50000,50
07/10/2025,Laptop Pro,East,50000,50
08/11/2025,Laptop Pro,West,50000,50
09/01/2025,Laptop Pro,North,50000,50
10/02/2025,Laptop Pro,South,50000,50
11/03/2025,Laptop Pro,East,50000,50
12/04/2025,Laptop Pro,West,50000,50
01/05/2025,Phone X,North,20000,20
02/06/2025,Phone X,South,20000,20
03/07/2025,Phone X,East,20000,20
04/08/2025,Phone X,West,20000,20
05/09/2025,Phone X,North,20000,20
06/10/2025,Phone X,South,20000,20
07/11/2025,Phone X,East,20000,20
08/01/2025,Phone X,West,20000,20
09/02/2025,Phone X,North,20000,20
10/03/2025,Phone X,South,20000,20
11/04/2025,Phone X,East,20000,20
12/05/2025,Phone X,West,20000,20
01/06/2025,Phone X,North,20000,20
02/07/2025,Phone X,South,20000,20
03/08/2025,Phone X,East,20000,20
04/09/2025,Phone X,West,20000,20
05/10/2025,Phone X,North,20000,20
06/11/2025,Phone X,South,20000,20
07/01/2025,Phone X,East,20000,20
08/02/2025,Phone X,West,20000,20
09/03/2025,Phone X,North,20000,20
10/04/2025,Phone X,South,20000,20
11/05/2025,Phone X,East,20000,20
12/06/2025,Phone X,West,20000,20
01/07/2025,Phone X,North,20000,20
02/08/2025,Phone X,South,20000,20
03/09/2025,Phone X,East,20000,20
04/10/2025,Phone X,West,20000,20
05/11/2025,Phone X,North,20000,20
06/01/2025,Phone X,South,20000,20
07/02/2025,Phone X,East,20000,20
08/03/2025,Phone X,West,20000,20
09/04/2025,Phone X,North,20000,20
10/05/2025,Phone X,South,20000,20
11/06/2025,Phone X,East,20000,20
12/07/2025,Phone X,West,20000,20
01/08/2025,Phone X,North,20000,20
02/09/2025,Phone X,South,20000,20
03/10/2025,Phone X,East,20000,20
04/11/2025,Phone X,West,20000,20
05/01/2025,Phone X,North,20000,20
06/02/2025,Phone X,South,20000,20
07/03/2025,Phone X,East,20000,20
08/04/2025,Phone X,West,20000,20
09/05/2025,Phone X,North,20000,20
10/06/2025,Phone X,South,20000,20
11/07/2025,Phone X,East,20000,20
12/08/2025,Phone X,West,20000,20
01/09/2025,Tablet Z,North,15000,15
02/10/2025,Tablet Z,South,15000,15
03/11/2025,Tablet Z,East,15000,15
04/01/2025,Tablet Z,West,15000,15
05/02/2025,Tablet Z,North,15000,15
06/03/2025,Tablet Z,South,15000,15
07/04/2025,Tablet Z,East,15000,15
08/05/2025,Tablet Z,West,15000,15
09/06/2025,Tablet Z,North,15000,15
10/07/2025,Tablet Z,South,15000,15
11/08/2025,Tablet Z,East,15000,15
12/09/2025,Tablet Z,West,15000,15
01/10/2025,Tablet Z,North,15000,15
02/11/2025,Tablet Z,South,15000,15
03/01/2025,Tablet Z,East,15000,15
04/02/2025,Tablet Z,West,15000,15
05/03/2025,Tablet Z,North,15000,15
06/04/2025,Tablet Z,South,15000,15
07/05/2025,Tablet Z,East,15000,15
08/06/2025,Tablet Z,West,15000,15
09/07/2025,Tablet Z,North,15000,15
10/08/2025,Tablet Z,South,15000,15
11/09/2025,Tablet Z,East,15000,15
12/10/2025,Tablet Z,West,15000,15
01/11/2025,Tablet Z,North,15000,15
02/01/2025,Tablet Z,South,15000,15
03/02/2025,Tablet Z,East,15000,15
04/03/2025,Tablet Z,West,15000,15
05/04/2025,Tablet Z,North,15000,15
06/05/2025,Tablet Z,South,15000,15
07/06/2025,Tablet Z,East,15000,15
08/07/2025,Tablet Z,West,15000,15
09/08/2025,Tablet Z,North,15000,15
10/09/2025,Tablet Z,South,15000,15
11/10/2025,Tablet Z,East,15000,15
12/11/2025,Tablet Z,West,15000,15
01/01/2025,Tablet Z,North,15000,15
02/02/2025,Tablet Z,South,15000,15
03/03/2025,Tablet Z,East,15000,15
04/04/2025,Tablet Z,West,15000,15
05/05/2025,Tablet Z,North,15000,15
06/06/2025,Tablet Z,South,15000,15
07/07/2025,Tablet Z,East,15000,15
08/08/2025,Tablet Z,West,15000,15
09/09/2025,Tablet Z,North,15000,15
10/10/2025,Tablet Z,South,15000,15
11/11/2025,Tablet Z,East,15000,15
12/01/2025,Tablet Z,West,15000,15
01/02/2025,Monitor M,North,9000,9
02/03/2025,Monitor M,South,9000,9
03/04/2025,Monitor M,East,9000,9
04/05/2025,Monitor M,West,9000,9
05/06/2025,Monitor M,North,9000,9
06/07/2025,Monitor M,South,9000,9
07/08/2025,Monitor M,East,9000,9
08/09/2025,Monitor M,West,9000,9
09/10/2025,Monitor M,North,9000,9
10/11/2025,Monitor M,South,9000,9
11/01/2025,Monitor M,East,9000,9
12/02/2025,Monitor M,West,9000,9
01/03/2025,Monitor M,North,9000,9
02/04/2025,Monitor M,South,9000,9
03/05/2025,Monitor M,East,9000,9
04/06/2025,Monitor M,West,9000,9
05/07/2025,Monitor M,North,9000,9
06/08/2025,Monitor M,South,9000,9
07/09/2025,Monitor M,East,9000,9
08/10/2025,Monitor M,West,9000,9
09/11/2025,Monitor M,North,9000,9
10/01/2025,Monitor M,South,9000,9
11/02/2025,Monitor M,East,9000,9
12/03/2025,Monitor M,West,9000,9
01/04/2025,Monitor M,North,9000,9
02/05/2025,Monitor M,South,9000,9
03/06/2025,Monitor M,East,9000,9
04/07/2025,Monitor M,West,9000,9
05/08/2025,Monitor M,North,9000,9
06/09/2025,Monitor M,South,9000,9
07/10/2025,Monitor M,East,9000,9
08/11/2025,Monitor M,West,9000,9
09/01/2025,Monitor M,North,9000,9
10/02/2025,Monitor M,South,9000,9
11/03/2025,Monitor M,East,9000,9
12/04/2025,Monitor M,West,9000,9
01/05/2025,Monitor M,North,9000,9
02/06/2025,Monitor M,South,9000,9
03/07/2025,Monitor M,East,9000,9
04/08/2025,Monitor M,West,9000,9
05/09/2025,Monitor M,North,9000,9
06/10/2025,Monitor M,South,9000,9
07/11/2025,Monitor M,East,9000,9
08/01/2025,Monitor M,West,9000,9
09/02/2025,Monitor M,North,9000,9
10/03/2025,Monitor M,South,9000,9
11/04/2025,Monitor M,East,9000,9
12/05/2025,Monitor M,West,9000,9
01/06/2025,Keyboard K,North,2000,2
02/07/2025,Keyboard K,South,2000,2
03/08/2025,Keyboard K,East,2000,2
04/09/2025,Keyboard K,West,2000,2
05/10/2025,Keyboard K,North,2000,2
06/11/2025,Keyboard K,South,2000,2
07/01/2025,Keyboard K,East,2000,2
08/02/2025,Keyboard K,West,2000,2
09/03/2025,Keyboard K,North,2000,2
10/04/2025,Keyboard K,South,2000,2
11/05/2025,Keyboard K,East,2000,2
12/06/2025,Keyboard K,West,2000,2
01/07/2025,Keyboard K,North,2000,2
02/08/2025,Keyboard K,South,2000,2
03/09/2025,Keyboard K,East,2000,2
04/10/2025,Keyboard K,West,2000,2
05/11/2025,Keyboard K,North,2000,2
06/01/2025,Keyboard K,South,2000,2
07/02/2025,Keyboard K,East,2000,2
08/03/2025,Keyboard K,West,2000,2
09/04/2025,Keyboard K,North,2000,2
10/05/2025,Keyboard K,South,2000,2
11/06/2025,Keyboard K,East,2000,2
12/07/2025,Keyboard K,West,2000,2
01/08/2025,Keyboard K,North,2000,2
02/09/2025,Keyboard K,South,2000,2
03/10/2025,Keyboard K,East,2000,2
04/11/2025,Keyboard K,West,2000,2
05/01/2025,Keyboard K,North,2000,2
06/02/2025,Keyboard K,South,2000,2
07/03/2025,Keyboard K,East,2000,2
08/04/2025,Keyboard K,West,2000,2
09/05/2025,Keyboard K,North,2000,2
10/06/2025,Keyboard K,South,2000,2
11/07/2025,Keyboard K,East,2000,2
12/08/2025,Keyboard K,West,2000,2
01/09/2025,Keyboard K,North,2000,2
02/10/2025,Keyboard K,South,2000,2
03/11/2025,Keyboard K,East,2000,2
04/01/2025,Keyboard K,West,2000,2
05/02/2025,Keyboard K,North,2000,2
06/03/2025,Keyboard K,South,2000,2
07/04/2025,Keyboard K,East,2000,2
08/05/2025,Keyboard K,West,2000,2
09/06/2025,Keyboard K,North,2000,2
10/07/2025,Keyboard K,South,2000,2
11/08/2025,Keyboard K,East,2000,2
12/09/2025,Keyboard K,West,2000,2
