Date,Product,Region,Cost
2025-01-28,Laptop Pro,North,25000
2025-01-28,Laptop Pro,South,25000
2025-01-28,Laptop Pro,East,25000
2025-01-28,Laptop Pro,West,25000
2025-02-28,Laptop Pro,North,25000
2025-02-28,Laptop Pro,South,25000
2025-02-28,Laptop Pro,East,25000
2025-02-28,Laptop Pro,West,25000
2025-03-28,Laptop Pro,North,25000
2025-03-28,Laptop Pro,South,25000
2025-03-28,Laptop Pro,East,25000
2025-03-28,Laptop Pro,West,25000
2025-04-28,Laptop Pro,North,25000
2025-04-28,Laptop Pro,South,25000
2025-04-28,Laptop Pro,East,25000
2025-04-28,Laptop Pro,West,25000
2025-05-28,Laptop Pro,North,25000
2025-05-28,Laptop Pro,South,25000
2025-05-28,Laptop Pro,East,25000
2025-05-28,Laptop Pro,West,25000
2025-06-28,Laptop Pro,North,25000
2025-06-28,Laptop Pro,South,25000
2025-06-28,Laptop Pro,East,25000
2025-06-28,Laptop Pro,West,25000
2025-07-28,Laptop Pro,North,25000
2025-07-28,Laptop Pro,South,25000
2025-07-28,Laptop Pro,East,25000
2025-07-28,Laptop Pro,West,25000
2025-08-28,Laptop Pro,North,25000
2025-08-28,Laptop Pro,South,25000
2025-08-28,Laptop Pro,East,25000
2025-08-28,Laptop Pro,West,25000
2025-09-28,Laptop Pro,North,25000
2025-09-28,Laptop Pro,South,25000
2025-09-28,Laptop Pro,East,25000
2025-09-28,Laptop Pro,West,25000
2025-10-28,Laptop Pro,North,25000
2025-10-28,Laptop Pro,South,25000
2025-10-28,Laptop Pro,East,25000
2025-10-28,Laptop Pro,West,25000
2025-11-28,Laptop Pro,North,25000
2025-11-28,Laptop Pro,South,25000
2025-11-28,Laptop Pro,East,25000
2025-11-28,Laptop Pro,West,25000
2025-12-28,Laptop Pro,North,25000
2025-12-28,Laptop Pro,South,25000
2025-12-28,Laptop Pro,East,25000
2025-12-28,Laptop Pro,West,25000
2025-01-28,Phone X,North,15000
2025-01-28,Phone X,South,15000
2025-01-28,Phone X,East,15000
2025-01-28,Phone X,West,15000
2025-02-28,Phone X,North,15000
2025-02-28,Phone X,South,15000
2025-02-28,Phone X,East,15000
2025-02-28,Phone X,West,15000
2025-03-28,Phone X,North,15000
2025-03-28,Phone X,South,15000
2025-03-28,Phone X,East,15000
2025-03-28,Phone X,West,15000
2025-04-28,Phone X,North,15000
2025-04-28,Phone X,South,15000
2025-04-28,Phone X,East,15000
2025-04-28,Phone X,West,15000
2025-05-28,Phone X,North,15000
2025-05-28,Phone X,South,15000
2025-05-28,Phone X,East,15000
2025-05-28,Phone X,West,15000
2025-06-28,Phone X,North,15000
2025-06-28,Phone X,South,15000
2025-06-28,Phone X,East,15000
2025-06-28,Phone X,West,15000
2025-07-28,Phone X,North,15000
2025-07-28,Phone X,South,15000
2025-07-28,Phone X,East,15000
2025-07-28,Phone X,West,15000
2025-08-28,Phone X,North,15000
2025-08-28,Phone X,South,15000
2025-08-28,Phone X,East,15000
2025-08-28,Phone X,West,15000
2025-09-28,Phone X,North,15000
2025-09-28,Phone X,South,15000
2025-09-28,Phone X,East,15000
2025-09-28,Phone X,West,15000
2025-10-28,Phone X,North,15000
2025-10-28,Phone X,South,15000
2025-10-28,Phone X,East,15000
2025-10-28,Phone X,West,15000
2025-11-28,Phone X,North,15000
2025-11-28,Phone X,South,15000
2025-11-28,Phone X,East,15000
2025-11-28,Phone X,West,15000
2025-12-28,Phone X,North,15000
2025-12-28,Phone X,South,15000
2025-12-28,Phone X,East,15000
2025-12-28,Phone X,West,15000
2025-01-28,Tablet Z,North,11250
2025-01-28,Tablet Z,South,11250
2025-01-28,Tablet Z,East,11250
2025-01-28,Tablet Z,West,11250
2025-02-28,Tablet Z,North,11250
2025-02-28,Tablet Z,South,11250
2025-02-28,Tablet Z,East,11250
2025-02-28,Tablet Z,West,11250
2025-03-28,Tablet Z,North,11250
2025-03-28,Tablet Z,South,11250
2025-03-28,Tablet Z,East,11250
2025-03-28,Tablet Z,West,11250
2025-04-28,Tablet Z,North,11250
2025-04-28,Tablet Z,South,11250
2025-04-28,Tablet Z,East,11250
2025-04-28,Tablet Z,West,11250
2025-05-28,Tablet Z,North,11250
2025-05-28,Tablet Z,South,11250
2025-05-28,Tablet Z,East,11250
2025-05-28,Tablet Z,West,11250
2025-06-28,Tablet Z,North,11250
2025-06-28,Tablet Z,South,11250
2025-06-28,Tablet Z,East,11250
2025-06-28,Tablet Z,West,11250
2025-07-28,Tablet Z,North,11250
2025-07-28,Tablet Z,South,11250
2025-07-28,Tablet Z,East,11250
2025-07-28,Tablet Z,West,11250
2025-08-28,Tablet Z,North,11250
2025-08-28,Tablet Z,South,11250
2025-08-28,Tablet Z,East,11250
2025-08-28,Tablet Z,West,11250
2025-09-28,Tablet Z,North,11250
2025-09-28,Tablet Z,South,11250
2025-09-28,Tablet Z,East,11250
2025-09-28,Tablet Z,West,11250
2025-10-28,Tablet Z,North,11250
2025-10-28,Tablet Z,South,11250
2025-10-28,Tablet Z,East,11250
2025-10-28,Tablet Z,West,11250
2025-11-28,Tablet Z,North,11250
2025-11-28,Tablet Z,South,11250
2025-11-28,Tablet Z,East,11250
2025-11-28,Tablet Z,West,11250
2025-12-28,Tablet Z,North,11250
2025-12-28,Tablet Z,South,11250
2025-12-28,Tablet Z,East,11250
2025-12-28,Tablet Z,West,11250
2025-01-28,Monitor M,North,5000
2025-01-28,Monitor M,South,5000
2025-01-28,Monitor M,East,5000
2025-01-28,Monitor M,West,5000
2025-02-28,Monitor M,North,5000
2025-02-28,Monitor M,South,5000
2025-02-28,Monitor M,East,5000
2025-02-28,Monitor M,West,5000
2025-03-28,Monitor M,North,5000
2025-03-28,Monitor M,South,5000
2025-03-28,Monitor M,East,5000
2025-03-28,Monitor M,West,5000
2025-04-28,Monitor M,North,5000
2025-04-28,Monitor M,South,5000
2025-04-28,Monitor M,East,5000
2025-04-28,Monitor M,West,5000
2025-05-28,Monitor M,North,5000
2025-05-28,Monitor M,South,5000
2025-05-28,Monitor M,East,5000
2025-05-28,Monitor M,West,5000
2025-06-28,Monitor M,North,5000
2025-06-28,Monitor M,South,5000
2025-06-28,Monitor M,East,5000
2025-06-28,Monitor M,West,5000
2025-07-28,Monitor M,North,5000
2025-07-28,Monitor M,South,5000
2025-07-28,Monitor M,East,5000
2025-07-28,Monitor M,West,5000
2025-08-28,Monitor M,North,5000
2025-08-28,Monitor M,South,5000
2025-08-28,Monitor M,East,5000
2025-08-28,Monitor M,West,5000
2025-09-28,Monitor M,North,5000
2025-09-28,Monitor M,South,5000
2025-09-28,Monitor M,East,5000
2025-09-28,Monitor M,West,5000
2025-10-28,Monitor M,North,5000
2025-10-28,Monitor M,South,5000
2025-10-28,Monitor M,East,5000
2025-10-28,Monitor M,West,5000
2025-11-28,Monitor M,North,5000
2025-11-28,Monitor M,South,5000
2025-11-28,Monitor M,East,5000
2025-11-28,Monitor M,West,5000
2025-12-28,Monitor M,North,5000
2025-12-28,Monitor M,South,5000
2025-12-28,Monitor M,East,5000
2025-12-28,Monitor M,West,5000
2025-01-28,Keyboard K,North,750
2025-01-28,Keyboard K,South,750
2025-01-28,Keyboard K,East,750
2025-01-28,Keyboard K,West,750
2025-02-28,Keyboard K,North,750
2025-02-28,Keyboard K,South,750
2025-02-28,Keyboard K,East,750
2025-02-28,Keyboard K,West,750
2025-03-28,Keyboard K,North,750
2025-03-28,Keyboard K,South,750
2025-03-28,Keyboard K,East,750
2025-03-28,Keyboard K,West,750
2025-04-28,Keyboard K,North,750
2025-04-28,Keyboard K,South,750
2025-04-28,Keyboard K,East,750
2025-04-28,Keyboard K,West,750
2025-05-28,Keyboard K,North,750
2025-05-28,Keyboard K,South,750
2025-05-28,Keyboard K,East,750
2025-05-28,Keyboard K,West,750
2025-06-28,Keyboard K,North,750
2025-06-28,Keyboard K,South,750
2025-06-28,Keyboard K,East,750
2025-06-28,Keyboard K,West,750
2025-07-28,Keyboard K,North,750
2025-07-28,Keyboard K,South,750
2025-07-28,Keyboard K,East,750
2025-07-28,Keyboard K,West,750
2025-08-28,Keyboard K,North,750
2025-08-28,Keyboard K,South,750
2025-08-28,Keyboard K,East,750
2025-08-28,Keyboard K,West,750
2025-09-28,Keyboard K,North,750
2025-09-28,Keyboard K,South,750
2025-09-28,Keyboard K,East,750
2025-09-28,Keyboard K,West,750
2025-10-28,Keyboard K,North,750
2025-10-28,Keyboard K,South,750
2025-10-28,Keyboard K,East,750
2025-10-28,Keyboard K,West,750
2025-11-28,Keyboard K,North,750
2025-11-28,Keyboard K,South,750
2025-11-28,Keyboard K,East,750
2025-11-28,Keyboard K,West,750
2025-12-28,Keyboard K,North,750
2025-12-28,Keyboard K,South,750
2025-12-28,Keyboard K,East,750
2025-12-28,Keyboard K,West,750
